{"data_time": 0.004479274499999519, "eta_seconds": 75.96574260103898, "fast_rcnn/cls_accuracy": 0.0234375, "fast_rcnn/false_negative": 0.027046783625730993, "fast_rcnn/fg_cls_accuracy": 0.040507364975450086, "iteration": 19, "loss_box_reg": 0.7562417984008789, "loss_cls": 2.3584046363830566, "loss_rpn_cls": 0.07951225340366364, "loss_rpn_loc": 0.08121033385396004, "lr": 4.99525e-06, "roi_head/num_bg_samples": 99.5, "roi_head/num_fg_samples": 28.5, "rpn/num_neg_anchors": 226.0, "rpn/num_pos_anchors": 30.0, "time": 0.27034072100013873, "total_loss": 3.4007361736148596}
{"data_time": 0.004141515500123205, "eta_seconds": 69.06339504904713, "fast_rcnn/cls_accuracy": 0.0625, "fast_rcnn/false_negative": 0.07239583333333333, "fast_rcnn/fg_cls_accuracy": 0.08004610655737704, "iteration": 39, "loss_box_reg": 0.8172461986541748, "loss_cls": 2.2654320001602173, "loss_rpn_cls": 0.10707726702094078, "loss_rpn_loc": 0.07311984896659851, "lr": 9.99025e-06, "roi_head/num_bg_samples": 97.75, "roi_head/num_fg_samples": 30.25, "rpn/num_neg_anchors": 222.75, "rpn/num_pos_anchors": 33.25, "time": 0.2547984389998419, "total_loss": 3.328044433146715}
{"data_time": 0.004434573500020633, "eta_seconds": 63.176760996453595, "fast_rcnn/cls_accuracy": 0.578125, "fast_rcnn/false_negative": 0.6046875, "fast_rcnn/fg_cls_accuracy": 0.03380681818181818, "iteration": 59, "loss_box_reg": 0.7036870718002319, "loss_cls": 2.0445079803466797, "loss_rpn_cls": 0.10707424581050873, "loss_rpn_loc": 0.07591056823730469, "lr": 1.4985249999999999e-05, "roi_head/num_bg_samples": 103.0, "roi_head/num_fg_samples": 25.0, "rpn/num_neg_anchors": 222.25, "rpn/num_pos_anchors": 33.75, "time": 0.2609919354997601, "total_loss": 2.9185635056346655}
{"data_time": 0.004280354999991687, "eta_seconds": 58.0054188285244, "fast_rcnn/cls_accuracy": 0.787109375, "fast_rcnn/false_negative": 1.0, "fast_rcnn/fg_cls_accuracy": 0.0, "iteration": 79, "loss_box_reg": 0.7712560594081879, "loss_cls": 1.742016077041626, "loss_rpn_cls": 0.07118275761604309, "loss_rpn_loc": 0.05748506262898445, "lr": 1.9980250000000002e-05, "roi_head/num_bg_samples": 101.5, "roi_head/num_fg_samples": 26.5, "rpn/num_neg_anchors": 222.75, "rpn/num_pos_anchors": 33.25, "time": 0.2662949870000375, "total_loss": 2.7534249741584063}
{"data_time": 0.004298855000115509, "eta_seconds": 53.16875175300652, "fast_rcnn/cls_accuracy": 0.8125, "fast_rcnn/false_negative": 1.0, "fast_rcnn/fg_cls_accuracy": 0.0, "iteration": 99, "loss_box_reg": 0.6815969944000244, "loss_cls": 1.3943438529968262, "loss_rpn_cls": 0.07507850229740143, "loss_rpn_loc": 0.08466819673776627, "lr": 2.497525e-05, "roi_head/num_bg_samples": 104.75, "roi_head/num_fg_samples": 23.25, "rpn/num_neg_anchors": 225.75, "rpn/num_pos_anchors": 30.25, "time": 0.26585495750009613, "total_loss": 2.2741379737854004}
{"data_time": 0.004776833500045541, "eta_seconds": 48.25086370749091, "fast_rcnn/cls_accuracy": 0.80859375, "fast_rcnn/false_negative": 1.0, "fast_rcnn/fg_cls_accuracy": 0.0, "iteration": 119, "loss_box_reg": 0.6870319247245789, "loss_cls": 1.0479778051376343, "loss_rpn_cls": 0.126450315117836, "loss_rpn_loc": 0.07307035103440285, "lr": 2.997025e-05, "roi_head/num_bg_samples": 103.5, "roi_head/num_fg_samples": 24.5, "rpn/num_neg_anchors": 222.25, "rpn/num_pos_anchors": 33.75, "time": 0.280206532999955, "total_loss": 1.9469304606318474}
{"data_time": 0.0044602160000977165, "eta_seconds": 42.31822926448672, "fast_rcnn/cls_accuracy": 0.77734375, "fast_rcnn/false_negative": 1.0, "fast_rcnn/fg_cls_accuracy": 0.0, "iteration": 139, "loss_box_reg": 0.7145770192146301, "loss_cls": 0.8207785785198212, "loss_rpn_cls": 0.10074959695339203, "loss_rpn_loc": 0.06380293518304825, "lr": 3.4965250000000005e-05, "roi_head/num_bg_samples": 99.5, "roi_head/num_fg_samples": 28.5, "rpn/num_neg_anchors": 229.0, "rpn/num_pos_anchors": 27.0, "time": 0.25413656299997456, "total_loss": 1.743457619100809}
{"data_time": 0.004401652500064301, "eta_seconds": 37.33630227002709, "fast_rcnn/cls_accuracy": 0.77734375, "fast_rcnn/false_negative": 1.0, "fast_rcnn/fg_cls_accuracy": 0.0, "iteration": 159, "loss_box_reg": 0.7969356775283813, "loss_cls": 0.7112731039524078, "loss_rpn_cls": 0.074453204870224, "loss_rpn_loc": 0.06451661512255669, "lr": 3.996025e-05, "roi_head/num_bg_samples": 99.5, "roi_head/num_fg_samples": 28.5, "rpn/num_neg_anchors": 226.0, "rpn/num_pos_anchors": 30.0, "time": 0.27428473050008506, "total_loss": 1.7096442338079214}
{"data_time": 0.004487247000270145, "eta_seconds": 32.25610225749392, "fast_rcnn/cls_accuracy": 0.75, "fast_rcnn/false_negative": 1.0, "fast_rcnn/fg_cls_accuracy": 0.0, "iteration": 179, "loss_box_reg": 0.7802176177501678, "loss_cls": 0.6402255892753601, "loss_rpn_cls": 0.08013318851590157, "loss_rpn_loc": 0.0778733491897583, "lr": 4.4955249999999996e-05, "roi_head/num_bg_samples": 96.0, "roi_head/num_fg_samples": 32.0, "rpn/num_neg_anchors": 220.25, "rpn/num_pos_anchors": 35.75, "time": 0.2788959024999258, "total_loss": 1.6190942768007517}
{"data_time": 0.004572061500084601, "eta_seconds": 26.974090250502968, "fast_rcnn/cls_accuracy": 0.775390625, "fast_rcnn/false_negative": 1.0, "fast_rcnn/fg_cls_accuracy": 0.0, "iteration": 199, "loss_box_reg": 0.792705774307251, "loss_cls": 0.5813526213169098, "loss_rpn_cls": 0.07273698225617409, "loss_rpn_loc": 0.07169895991683006, "lr": 4.9950250000000005e-05, "roi_head/num_bg_samples": 98.0, "roi_head/num_fg_samples": 30.0, "rpn/num_neg_anchors": 226.25, "rpn/num_pos_anchors": 29.75, "time": 0.2710012940001434, "total_loss": 1.5329227782785892}
{"data_time": 0.004087253000079727, "eta_seconds": 21.571578058502382, "fast_rcnn/cls_accuracy": 0.82421875, "fast_rcnn/false_negative": 0.8191721132897603, "fast_rcnn/fg_cls_accuracy": 0.18082788671023964, "iteration": 219, "loss_box_reg": 0.7908533811569214, "loss_cls": 0.5343933999538422, "loss_rpn_cls": 0.06757026724517345, "loss_rpn_loc": 0.0690903328359127, "lr": 5.494525e-05, "roi_head/num_bg_samples": 99.0, "roi_head/num_fg_samples": 29.0, "rpn/num_neg_anchors": 224.0, "rpn/num_pos_anchors": 32.0, "time": 0.2617420065000715, "total_loss": 1.4692745441570878}
{"data_time": 0.003967695500023183, "eta_seconds": 16.315138903499474, "fast_rcnn/cls_accuracy": 0.853515625, "fast_rcnn/false_negative": 0.609375, "fast_rcnn/fg_cls_accuracy": 0.3345170454545454, "iteration": 239, "loss_box_reg": 0.81031334400177, "loss_cls": 0.46693991124629974, "loss_rpn_cls": 0.06901690363883972, "loss_rpn_loc": 0.057882159948349, "lr": 5.994025e-05, "roi_head/num_bg_samples": 96.0, "roi_head/num_fg_samples": 32.0, "rpn/num_neg_anchors": 225.75, "rpn/num_pos_anchors": 30.25, "time": 0.27955274900000404, "total_loss": 1.4769796207547188}
{"data_time": 0.0041409870000279625, "eta_seconds": 10.949878220501205, "fast_rcnn/cls_accuracy": 0.884765625, "fast_rcnn/false_negative": 0.48958333333333337, "fast_rcnn/fg_cls_accuracy": 0.46651785714285715, "iteration": 259, "loss_box_reg": 0.7525263726711273, "loss_cls": 0.4154447466135025, "loss_rpn_cls": 0.0590021051466465, "loss_rpn_loc": 0.06984857842326164, "lr": 6.493525e-05, "roi_head/num_bg_samples": 100.25, "roi_head/num_fg_samples": 27.75, "rpn/num_neg_anchors": 226.25, "rpn/num_pos_anchors": 29.75, "time": 0.25390677950008467, "total_loss": 1.2802028162404895}
{"data_time": 0.004438048000110939, "eta_seconds": 5.612417926497756, "fast_rcnn/cls_accuracy": 0.8828125, "fast_rcnn/false_negative": 0.43875, "fast_rcnn/fg_cls_accuracy": 0.5508403361344538, "iteration": 279, "loss_box_reg": 0.6854373216629028, "loss_cls": 0.42130717635154724, "loss_rpn_cls": 0.08329534530639648, "loss_rpn_loc": 0.04695380479097366, "lr": 6.993025000000002e-05, "roi_head/num_bg_samples": 102.25, "roi_head/num_fg_samples": 25.75, "rpn/num_neg_anchors": 233.25, "rpn/num_pos_anchors": 22.75, "time": 0.26790025800005424, "total_loss": 1.2590015102177858}
{"data_time": 0.0043171720001282665, "eta_seconds": 0.26746129349999137, "fast_rcnn/cls_accuracy": 0.873046875,